-- phpMyAdmin SQL Dump
-- version 5.2.1
-- https://www.phpmyadmin.net/
--
-- Počítač: localhost:8889
-- Vytvořeno: Čtv 24. dub 2025, 16:28
-- Verze serveru: 8.0.40
-- Verze PHP: 8.3.14

SET SQL_MODE = "NO_AUTO_VALUE_ON_ZERO";
START TRANSACTION;
SET time_zone = "+00:00";


/*!40101 SET @OLD_CHARACTER_SET_CLIENT=@@CHARACTER_SET_CLIENT */;
/*!40101 SET @OLD_CHARACTER_SET_RESULTS=@@CHARACTER_SET_RESULTS */;
/*!40101 SET @OLD_COLLATION_CONNECTION=@@COLLATION_CONNECTION */;
/*!40101 SET NAMES utf8mb4 */;

--
-- Databáze: `jidelnicek`
--

DELIMITER $$
--
-- Procedury
--
CREATE DEFINER=`root`@`localhost` PROCEDURE `DeleteUserProc` (IN `p_UzivatelID` INT)   BEGIN
    -- Můžeš sem případně přidat další kontrolu, např. zabránit mazání administrátora apod.
    DELETE FROM Uzivatele WHERE UzivatelID = p_UzivatelID;
END$$

CREATE DEFINER=`root`@`localhost` PROCEDURE `PridatCeleJidlo` (IN `p_HlavnicastjidlaID` INT, IN `p_UzivatelID` INT, IN `p_OmackaID` INT, IN `p_PrilohaID` INT, IN `p_KategorieID` INT, IN `p_TypjidlaID` INT, IN `p_Obloha` BOOL, IN `p_Casjidla` DATETIME)   BEGIN
    INSERT INTO Celajidla (
        HlavnicastjidlaID,
        UzivatelID,
        OmackaID,
        PrilohaID,
        KategorieID,
        Pocetsnezenikombinace,
        TypjidlaID,
        Obloha,
        Casjidla
    )
    VALUES (
        p_HlavnicastjidlaID,
        p_UzivatelID,
        p_OmackaID,
        p_PrilohaID,
        p_KategorieID,
        1,
        p_TypjidlaID,
        p_Obloha,
        p_Casjidla
    );
END$$

CREATE DEFINER=`root`@`localhost` PROCEDURE `PridatOblibeneJidlo` (IN `p_CelejidloID` INT, IN `p_UzivatelID` INT)   BEGIN
    INSERT INTO Oblibenejidla (CelejidloID, UzivatelID)
    VALUES (p_CelejidloID, p_UzivatelID);
END$$

--
-- Funkce
--
CREATE DEFINER=`root`@`localhost` FUNCTION `GetFullName` (`inputUzivatelID` INT) RETURNS VARCHAR(101) CHARSET utf8mb4 DETERMINISTIC READS SQL DATA BEGIN
    DECLARE fullName VARCHAR(101);

    SELECT CONCAT(Jmeno, ' ', Prijmeni)
    INTO fullName
    FROM Uzivatele
    WHERE UzivatelID = inputUzivatelID;

    RETURN fullName;
END$$

CREATE DEFINER=`root`@`localhost` FUNCTION `PosledniCasJidla` (`uzivatelId` INT) RETURNS DATETIME DETERMINISTIC BEGIN
    DECLARE posledniCas DATETIME;

    SELECT MAX(Casjidla)
    INTO posledniCas
    FROM Celajidla
    WHERE UzivatelID = uzivatelId;

    RETURN posledniCas;
END$$

CREATE DEFINER=`root`@`localhost` FUNCTION `SpoctiPocetJidel` (`p_UzivatelID` INT) RETURNS INT DETERMINISTIC BEGIN
    DECLARE pocet INT DEFAULT 0;
    DECLARE done INT DEFAULT 0;
    DECLARE celajidloID INT;
    DECLARE cur CURSOR FOR SELECT CelajidloID FROM Celajidla WHERE UzivatelID = p_UzivatelID;
    DECLARE CONTINUE HANDLER FOR NOT FOUND SET done = 1;

    -- Otevření kurzoru
    OPEN cur;

    -- Iterativní procházení záznamů
    REPEAT
        FETCH cur INTO celajidloID;
        IF NOT done THEN
            SET pocet = pocet + 1; -- Inkrementace počtu jídel
        END IF;
    UNTIL done END REPEAT;

    -- Uzavření kurzoru
    CLOSE cur;

    -- Vrácení počtu jídel
    RETURN pocet;
END$$

DELIMITER ;

-- --------------------------------------------------------

--
-- Struktura tabulky `Celajidla`
--

CREATE TABLE `Celajidla` (
  `CelejidloID` int NOT NULL,
  `HlavnicastjidlaID` int NOT NULL,
  `UzivatelID` int NOT NULL,
  `OmackaID` int NOT NULL,
  `PrilohaID` int NOT NULL,
  `KategorieID` int NOT NULL,
  `Pocetsnezenikombinace` tinyint NOT NULL,
  `TypjidlaID` int NOT NULL,
  `Obloha` tinyint(1) NOT NULL,
  `Casjidla` datetime DEFAULT NULL
) ENGINE=InnoDB DEFAULT CHARSET=utf8mb4 COLLATE=utf8mb4_0900_ai_ci;

--
-- Vypisuji data pro tabulku `Celajidla`
--

INSERT INTO `Celajidla` (`CelejidloID`, `HlavnicastjidlaID`, `UzivatelID`, `OmackaID`, `PrilohaID`, `KategorieID`, `Pocetsnezenikombinace`, `TypjidlaID`, `Obloha`, `Casjidla`) VALUES
(1, 1, 2, 1, 2, 2, 2, 2, 1, '2025-04-20 16:47:00'),
(2, 2, 1, 2, 3, 2, 1, 3, 0, '2025-04-20 16:48:00'),
(3, 3, 2, 3, 1, 2, 3, 1, 1, '2025-04-20 16:49:00'),
(5, 1, 1, 1, 1, 1, 1, 1, 0, NULL),
(6, 1, 1, 1, 1, 1, 1, 1, 0, NULL),
(7, 5, 1, 1, 1, 1, 1, 1, 0, NULL),
(8, 1, 1, 1, 1, 1, 1, 1, 0, NULL),
(9, 6, 1, 2, 3, 1, 1, 1, 0, NULL),
(10, 7, 1, 1, 1, 1, 1, 1, 0, NULL),
(11, 1, 1, 1, 1, 1, 1, 1, 0, NULL),
(12, 8, 1, 1, 3, 1, 1, 1, 0, NULL),
(13, 9, 1, 5, 5, 1, 1, 1, 0, NULL),
(14, 1, 1, 1, 1, 1, 1, 1, 0, NULL),
(15, 9, 1, 4, 5, 1, 1, 1, 0, NULL),
(16, 7, 1, 2, 3, 1, 1, 1, 0, NULL),
(17, 7, 1, 4, 4, 1, 1, 1, 0, NULL),
(18, 10, 1, 6, 6, 1, 1, 1, 0, NULL),
(19, 11, 1, 7, 7, 1, 1, 1, 0, NULL),
(20, 1, 1, 1, 1, 1, 1, 1, 0, NULL),
(21, 1, 1, 1, 1, 1, 1, 1, 0, NULL),
(22, 1, 1, 1, 1, 1, 1, 1, 0, NULL),
(23, 1, 1, 1, 1, 1, 1, 1, 0, NULL),
(24, 1, 1, 1, 1, 1, 1, 1, 0, '2025-04-23 20:45:00'),
(25, 1, 1, 1, 1, 1, 1, 1, 0, NULL),
(26, 1, 1, 1, 1, 1, 1, 1, 0, '2025-04-23 19:48:00'),
(27, 1, 1, 1, 1, 1, 1, 1, 0, '2025-04-04 18:23:00'),
(28, 1, 1, 1, 1, 1, 1, 1, 0, NULL),
(29, 1, 1, 1, 1, 1, 1, 1, 0, '2025-04-20 18:24:00'),
(30, 8, 1, 8, 8, 1, 1, 1, 0, NULL),
(31, 8, 1, 3, 2, 1, 1, 1, 0, NULL),
(32, 1, 1, 1, 1, 1, 1, 1, 0, '2025-04-13 18:24:00'),
(34, 2, 1, 2, 2, 1, 1, 1, 0, NULL),
(35, 1, 1, 1, 1, 1, 1, 1, 0, NULL),
(36, 1, 1, 1, 1, 1, 1, 1, 0, NULL),
(37, 2, 1, 2, 2, 1, 1, 1, 0, NULL),
(38, 1, 1, 1, 1, 1, 1, 1, 0, '2025-04-12 18:39:00'),
(39, 2, 1, 2, 2, 1, 1, 1, 0, NULL),
(40, 1, 1, 1, 1, 1, 1, 1, 0, NULL),
(41, 1, 1, 1, 1, 1, 1, 1, 0, '2025-04-20 18:48:00'),
(42, 1, 1, 1, 1, 1, 1, 1, 0, '2025-04-26 18:48:00'),
(43, 1, 1, 4, 1, 1, 1, 1, 0, NULL),
(44, 1, 1, 1, 1, 1, 1, 1, 0, '2025-04-03 18:54:00'),
(45, 2, 1, 3, 3, 1, 1, 1, 0, NULL),
(47, 1, 1, 1, 1, 1, 1, 1, 0, NULL),
(48, 12, 1, 9, 9, 1, 1, 1, 0, NULL),
(49, 5, 1, 5, 6, 1, 1, 1, 0, NULL),
(50, 1, 1, 1, 1, 1, 1, 1, 0, '2025-04-23 22:06:00'),
(51, 1, 1, 1, 1, 1, 1, 1, 0, '2025-04-02 19:07:00'),
(52, 3, 1, 3, 3, 1, 1, 1, 0, NULL),
(53, 13, 1, 1, 1, 1, 1, 1, 0, NULL),
(54, 1, 1, 1, 1, 1, 1, 1, 0, '2025-04-17 19:08:00'),
(56, 2, 1, 2, 2, 1, 1, 3, 0, '2025-04-17 19:25:00'),
(57, 1, 1, 1, 1, 1, 1, 3, 0, '2025-04-23 20:06:08'),
(58, 1, 1, 1, 1, 1, 1, 3, 0, '2025-04-20 22:06:00'),
(59, 1, 1, 1, 1, 1, 1, 3, 0, '2025-04-05 22:06:00'),
(60, 1, 1, 1, 1, 1, 1, 3, 0, '2025-04-04 22:40:00'),
(61, 1, 1, 1, 1, 1, 1, 3, 0, '2025-04-26 22:47:00'),
(63, 8, 1, 3, 7, 1, 1, 3, 0, '2025-04-13 00:06:00'),
(66, 3, 1, 1, 1, 1, 1, 3, 0, '2025-04-19 00:24:00'),
(69, 1, 1, 1, 1, 1, 1, 3, 0, '2025-04-04 00:32:00'),
(71, 1, 1, 1, 1, 1, 1, 3, 0, '2025-04-23 23:31:49'),
(72, 1, 1, 1, 1, 1, 1, 3, 0, '2025-04-13 01:32:00'),
(73, 2, 1, 2, 2, 1, 1, 3, 0, '2025-04-26 01:52:00'),
(74, 3, 1, 3, 2, 1, 1, 3, 0, '2025-04-30 01:55:00'),
(75, 1, 1, 1, 1, 1, 1, 3, 0, '2025-04-04 01:58:00'),
(76, 3, 1, 3, 3, 1, 1, 1, 1, '2025-04-30 09:02:00'),
(77, 1, 1, 1, 1, 1, 1, 1, 0, '2025-04-09 10:20:00'),
(78, 1, 1, 1, 1, 1, 1, 1, 0, '2025-05-07 10:20:00'),
(80, 1, 1, 1, 1, 1, 1, 1, 0, '2025-04-10 10:26:00'),
(81, 1, 1, 1, 1, 1, 1, 1, 0, '2025-04-02 10:30:00'),
(83, 5, 1, 1, 1, 1, 1, 1, 0, '2025-05-08 10:31:00'),
(84, 4, 16, 6, 6, 1, 1, 2, 0, '2025-04-26 11:19:00'),
(85, 1, 1, 1, 1, 1, 1, 2, 0, '2025-04-19 11:20:00'),
(86, 1, 1, 1, 1, 1, 1, 2, 0, '2025-04-24 11:22:00'),
(87, 1, 1, 1, 1, 1, 1, 2, 0, '2025-04-24 11:32:00'),
(88, 2, 1, 3, 2, 1, 1, 2, 1, '2025-04-24 08:36:00'),
(89, 1, 21, 1, 1, 1, 1, 2, 0, '2025-04-01 15:43:00'),
(90, 1, 21, 2, 3, 1, 1, 2, 0, '2025-04-24 17:44:00');

-- --------------------------------------------------------

--
-- Struktura tabulky `hlavnicastijidel`
--

CREATE TABLE `hlavnicastijidel` (
  `HlavnicastjidlaID` int NOT NULL,
  `Nazev` varchar(50) NOT NULL,
  `Pocetsnezeni` tinyint NOT NULL
) ENGINE=InnoDB DEFAULT CHARSET=utf8mb4 COLLATE=utf8mb4_0900_ai_ci;

--
-- Vypisuji data pro tabulku `hlavnicastijidel`
--

INSERT INTO `hlavnicastijidel` (`HlavnicastjidlaID`, `Nazev`, `Pocetsnezeni`) VALUES
(1, 'kureci', 4),
(2, 'losos', 3),
(3, 'hovezi', 5),
(4, 'csdc', 0),
(5, 'hha', 0),
(6, 'aa', 0),
(7, 's', 0),
(8, 'asd', 0),
(9, 'aba', 0),
(10, 'qwe', 0),
(11, 'poi', 0),
(12, '', 0),
(13, 'fsevrevr', 0),
(14, 'qqq', 0),
(15, 'hamburger', 0);

-- --------------------------------------------------------

--
-- Zástupná struktura pro pohled `jidlauzivatele`
-- (Vlastní pohled viz níže)
--
CREATE TABLE `jidlauzivatele` (
`CelejidloID` int
,`hlavni` varchar(50)
,`priloha` varchar(50)
,`omacka` varchar(50)
,`Obloha` tinyint(1)
,`typjidla` varchar(50)
,`Casjidla` datetime
,`UzivatelID` int
);

-- --------------------------------------------------------

--
-- Struktura tabulky `Kategorie`
--

CREATE TABLE `Kategorie` (
  `KategorieID` int NOT NULL,
  `PredkrmHlavniDezert` varchar(50) NOT NULL
) ENGINE=InnoDB DEFAULT CHARSET=utf8mb4 COLLATE=utf8mb4_0900_ai_ci;

--
-- Vypisuji data pro tabulku `Kategorie`
--

INSERT INTO `Kategorie` (`KategorieID`, `PredkrmHlavniDezert`) VALUES
(1, 'Starter'),
(2, 'Main Course'),
(3, 'Dessert');

-- --------------------------------------------------------

--
-- Struktura tabulky `Oblibenejidla`
--

CREATE TABLE `Oblibenejidla` (
  `OblibenejidloID` int NOT NULL,
  `CelejidloID` int NOT NULL,
  `UzivatelID` int NOT NULL
) ENGINE=InnoDB DEFAULT CHARSET=utf8mb4 COLLATE=utf8mb4_0900_ai_ci;

--
-- Vypisuji data pro tabulku `Oblibenejidla`
--

INSERT INTO `Oblibenejidla` (`OblibenejidloID`, `CelejidloID`, `UzivatelID`) VALUES
(1, 1, 2),
(3, 3, 2),
(6, 13, 1),
(7, 5, 1),
(8, 9, 1),
(9, 16, 1),
(10, 74, 1),
(11, 76, 1);

--
-- Triggery `Oblibenejidla`
--
DELIMITER $$
CREATE TRIGGER `ZamezDupliciteOblibenychJidel` BEFORE INSERT ON `Oblibenejidla` FOR EACH ROW BEGIN
    IF EXISTS (
        SELECT 1
        FROM Oblibenejidla
        WHERE CelejidloID = NEW.CelejidloID AND UzivatelID = NEW.UzivatelID
    ) THEN
        SIGNAL SQLSTATE '45000'
        SET MESSAGE_TEXT = 'Toto jídlo již je mezi oblíbenými tohoto uživatele.';
    END IF;
END
$$
DELIMITER ;

-- --------------------------------------------------------

--
-- Zástupná struktura pro pohled `oblibenejidlapohled`
-- (Vlastní pohled viz níže)
--
CREATE TABLE `oblibenejidlapohled` (
`OblibenejidloID` int
,`UzivatelID` int
,`CelejidloID` int
,`HlavniCastJidla` varchar(50)
,`Priloha` varchar(50)
,`Omacka` varchar(50)
,`Obloha` tinyint(1)
);

-- --------------------------------------------------------

--
-- Struktura tabulky `Omacky`
--

CREATE TABLE `Omacky` (
  `OmackaID` int NOT NULL,
  `Nazev` varchar(50) NOT NULL,
  `Pocetsnezeni` tinyint NOT NULL
) ENGINE=InnoDB DEFAULT CHARSET=utf8mb4 COLLATE=utf8mb4_0900_ai_ci;

--
-- Vypisuji data pro tabulku `Omacky`
--

INSERT INTO `Omacky` (`OmackaID`, `Nazev`, `Pocetsnezeni`) VALUES
(1, 'tatarka', 2),
(2, 'kecup', 3),
(3, 'horcice', 1),
(4, 'sffs', 0),
(5, 'aba', 0),
(6, 'qwe', 0),
(7, 'poi', 0),
(8, 'asd', 0),
(9, '', 0),
(10, 'qqq', 0);

-- --------------------------------------------------------

--
-- Zástupná struktura pro pohled `pohled_jidla`
-- (Vlastní pohled viz níže)
--
CREATE TABLE `pohled_jidla` (
`CelejidloID` int
,`hlavni` varchar(50)
,`priloha` varchar(50)
,`omacka` varchar(50)
,`Obloha` tinyint(1)
,`typjidla` varchar(50)
,`Casjidla` datetime
);

-- --------------------------------------------------------

--
-- Struktura tabulky `Prilohy`
--

CREATE TABLE `Prilohy` (
  `PrilohaID` int NOT NULL,
  `Nazev` varchar(50) NOT NULL,
  `Pocetsnezeni` tinyint NOT NULL
) ENGINE=InnoDB DEFAULT CHARSET=utf8mb4 COLLATE=utf8mb4_0900_ai_ci;

--
-- Vypisuji data pro tabulku `Prilohy`
--

INSERT INTO `Prilohy` (`PrilohaID`, `Nazev`, `Pocetsnezeni`) VALUES
(1, 'ryze', 2),
(2, 'brambory', 3),
(3, 'hranolky', 1),
(4, 'sdcds', 0),
(5, 'aba', 0),
(6, 'qwe', 0),
(7, 'poi', 0),
(8, 'asd', 0),
(9, '', 0),
(10, 'sdvfes', 0),
(11, 'qqq', 0);

-- --------------------------------------------------------

--
-- Struktura tabulky `Typyjidla`
--

CREATE TABLE `Typyjidla` (
  `TypjidlaID` int NOT NULL,
  `SnidaneObedVecereSvacina` varchar(50) NOT NULL
) ENGINE=InnoDB DEFAULT CHARSET=utf8mb4 COLLATE=utf8mb4_0900_ai_ci;

--
-- Vypisuji data pro tabulku `Typyjidla`
--

INSERT INTO `Typyjidla` (`TypjidlaID`, `SnidaneObedVecereSvacina`) VALUES
(1, 'Breakfast'),
(2, 'Lunch'),
(3, 'Dinner'),
(4, 'Snack');

-- --------------------------------------------------------

--
-- Struktura tabulky `Uzivatele`
--

CREATE TABLE `Uzivatele` (
  `UzivatelID` int NOT NULL,
  `Admin` tinyint(1) NOT NULL,
  `Jmeno` varchar(50) NOT NULL,
  `Prijmeni` varchar(50) NOT NULL,
  `Heslo` varchar(255) NOT NULL,
  `Obrazek` longblob
) ENGINE=InnoDB DEFAULT CHARSET=utf8mb4 COLLATE=utf8mb4_0900_ai_ci;

--
-- Vypisuji data pro tabulku `Uzivatele`
--

INSERT INTO `Uzivatele` (`UzivatelID`, `Admin`, `Jmeno`, `Prijmeni`, `Heslo`, `Obrazek`) VALUES
(1, 1, 'Admin', 'User', '$2y$10$eRBtFMw943ugkiEnnLfziuz/sYP7YagkrXjjBPSvHlWu1AtEVKaiW', NULL),
(2, 0, 'Jan', 'Novák', '$2y$10$R5DYrLHftZV2DCEAzS3U5eYl.8knOwa5laI6PtYCOElDkSM83VgIi', NULL),
(16, 0, 'ab', 'ab', '$2y$10$kU16EgXTYM8.lWie0qoNZeD.bUrkaoqj1hdmnnTah/lirZu1JLPPe', 0xffd8ffe000104a46494600010101012c012c0000ffe100ff45786966000049492a000800000003000e010200b5000000320000001a01050001000000e70000001b01050001000000ef00000000000000557365722070726f66696c652069636f6e2e20417661746172206f7220706572736f6e2069636f6e2e2050726f66696c6520706963747572652c20706f7274726169742073796d626f6c2e2044656661756c7420706f72747261697420696d6167652e20456173696c79206564697461626c65206c696e652069636f6e206f6e2061207472616e73706172656e74206261636b67726f756e642e20566563746f722073746f636b20696c6c757374726174696f6e2e2c010000010000002c01000001000000ffe10626687474703a2f2f6e732e61646f62652e636f6d2f7861702f312e302f003c3f787061636b657420626567696e3d22efbbbf222069643d2257354d304d7043656869487a7265537a4e54637a6b633964223f3e0a3c783a786d706d65746120786d6c6e733a783d2261646f62653a6e733a6d6574612f223e0a093c7264663a52444620786d6c6e733a7264663d22687474703a2f2f7777772e77332e6f72672f313939392f30322f32322d7264662d73796e7461782d6e7323223e0a09093c7264663a4465736372697074696f6e207264663a61626f75743d222220786d6c6e733a70686f746f73686f703d22687474703a2f2f6e732e61646f62652e636f6d2f70686f746f73686f702f312e302f2220786d6c6e733a4970746334786d70436f72653d22687474703a2f2f697074632e6f72672f7374642f4970746334786d70436f72652f312e302f786d6c6e732f22202020786d6c6e733a4765747479496d61676573474946543d22687474703a2f2f786d702e6765747479696d616765732e636f6d2f676966742f312e302f2220786d6c6e733a64633d22687474703a2f2f7075726c2e6f72672f64632f656c656d656e74732f312e312f2220786d6c6e733a706c75733d22687474703a2f2f6e732e757365706c75732e6f72672f6c64662f786d702f312e302f222020786d6c6e733a697074634578743d22687474703a2f2f697074632e6f72672f7374642f4970746334786d704578742f323030382d30322d32392f2220786d6c6e733a786d705269676874733d22687474703a2f2f6e732e61646f62652e636f6d2f7861702f312e302f7269676874732f222070686f746f73686f703a4372656469743d22476574747920496d6167657322204765747479496d61676573474946543a417373657449443d22313439353038383034332220786d705269676874733a57656253746174656d656e743d2268747470733a2f2f7777772e6973746f636b70686f746f2e636f6d2f6c6567616c2f6c6963656e73652d61677265656d656e743f75746d5f6d656469756d3d6f7267616e696326616d703b75746d5f736f757263653d676f6f676c6526616d703b75746d5f63616d706169676e3d6970746375726c2220706c75733a446174614d696e696e673d22687474703a2f2f6e732e757365706c75732e6f72672f6c64662f766f6361622f444d492d50524f484942495445442d455843455054534541524348454e47494e45494e444558494e4722203e0a3c64633a63726561746f723e3c7264663a5365713e3c7264663a6c693e53414e414c52454e4b3c2f7264663a6c693e3c2f7264663a5365713e3c2f64633a63726561746f723e3c64633a6465736372697074696f6e3e3c7264663a416c743e3c7264663a6c6920786d6c3a6c616e673d22782d64656661756c74223e557365722070726f66696c652069636f6e2e20417661746172206f7220706572736f6e2069636f6e2e2050726f66696c6520706963747572652c20706f7274726169742073796d626f6c2e2044656661756c7420706f72747261697420696d6167652e20456173696c79206564697461626c65206c696e652069636f6e206f6e2061207472616e73706172656e74206261636b67726f756e642e20566563746f722073746f636b20696c6c757374726174696f6e2e3c2f7264663a6c693e3c2f7264663a416c743e3c2f64633a6465736372697074696f6e3e0a3c706c75733a4c6963656e736f723e3c7264663a5365713e3c7264663a6c69207264663a7061727365547970653d275265736f75726365273e3c706c75733a4c6963656e736f7255524c3e68747470733a2f2f7777772e6973746f636b70686f746f2e636f6d2f70686f746f2f6c6963656e73652d676d313439353038383034332d3f75746d5f6d656469756d3d6f7267616e696326616d703b75746d5f736f757263653d676f6f676c6526616d703b75746d5f63616d706169676e3d6970746375726c3c2f706c75733a4c6963656e736f7255524c3e3c2f7264663a6c693e3c2f7264663a5365713e3c2f706c75733a4c6963656e736f723e0a09093c2f7264663a4465736372697074696f6e3e0a093c2f7264663a5244463e0a3c2f783a786d706d6574613e0a3c3f787061636b657420656e643d2277223f3e0affed00f650686f746f73686f7020332e30003842494d04040000000000d91c0250000953414e414c52454e4b1c027800b5557365722070726f66696c652069636f6e2e20417661746172206f7220706572736f6e2069636f6e2e2050726f66696c6520706963747572652c20706f7274726169742073796d626f6c2e2044656661756c7420706f72747261697420696d6167652e20456173696c79206564697461626c65206c696e652069636f6e206f6e2061207472616e73706172656e74206261636b67726f756e642e20566563746f722073746f636b20696c6c757374726174696f6e2e1c026e000c476574747920496d6167657300ffdb0043000a07070807060a0808080b0a0a0b0e18100e0d0d0e1d15161118231f2524221f2221262b372f26293429212230413134393b3e3e3e252e4449433c48373d3e3bffc2000b080264026401011100ffc4001a000101010101010100000000000000000000020103040506ffda0008010100000001fd99cf174986f46733a6a2556986f4391748955b399d4e78ba4c37a3399d35127539e2e930de8ce674d44aad30de8722e912ab6733a9cf174986f46733a6a24ea73c5d261bd19cce9a8955a61bd0e45d22556ce67539e2e930de8ce674d449a56a71b4c92c82b538da64964e2b59259056a71b4c92c82b4e674d44aad307539e2e912ab6733a6b9e2e930de8723a6a2556983a9cf174723a6a2556983a9cf1748955b399d35cf174986f4391d3512ab4c1d4e78ba24c1ac1a61a60d30d30d3069869835834c34c1673c5d261bd19cce9a8955a61bd0e45d22556ce67539e2e930de8ce674d449d4e78ba4c37a3399d3512ab4c37a1c8ba44aad9ccea73c5d261bd19cce9a892cc1ac1a61a60d60dc9e7395bbbb6d30d306b069869824e9a8955a60ea73c5d2255bc78f29006f4be9d7a1c8e9a8955a60ea73c5d1c8e9a8955a60ea73c5d2278f2e40000aefe8e9c8e9a8955a60ea73c5d1cca331ba4946628f379e400000eddfa28cc6e925198a1473c5d261bd19cce9ae7c3cf200000077f5e62e930de8ce674d449d4e78ba4c37a3399d363c5c80000001be9ecba4c37a3399d3512742317ac86d9cce9c7c7200000001d7d5d3590db399d099074d44aad30753c7e6000000001d3d7aab4c1d4e78ba391d3512ab4c1d73c9e600000000057b2aad307539e2e8e474d44aad3075f1f9800000000057b3a5a60ea73c5d18415ac96d1e4f300000000002fdc6d1059387439e2e930de8e1e100000000001d3d8de8ce674d449d4e78ba4c37a47cf900000000000efe9de8ce674d4494698349f1f2000000000003ddd70d30d1074d44aad3e6f2800001994000005fd083a9cf174723a6a25569f9d20000670e1cf0bebe8e800003d7d4ea73c5d10003cfe500003cde5c00ebecb000057bf40059cf17498786400033c5c4006fb7b00003d9e9ce674d449d4e78ba4c71f280003c1c8000f7760000bfa2e674d449661a63c5c80003c9e60001bf4680003dfd30d3049d3512adf980001cfe780003b7b80003bfa7a9cf174723a6a255cbc40001e1e200007d1b00015eeea73c5d1ccad4e37c9c000067cc00001e9f580007bfa90569a73c5d27e748000e3e100001d3e800007b6ce9a893a9cf1748f9a0001e6f200000dfa60001e9ee74d449d4e78ba72f9e0001e5f2800007d40000edea3a6a241d09973f18000797ca00001f500003a7d02317a733a6a25c7ca0001c3c400002fe8800057d339e2e8e474d44b879800027e680000efed0000afa673c5d126628f3f900001f3f980001eeec0001bf40a330e873c5d3cde3000070f100002fe880002bdc74d449d4e78ba79fc400007cfe60001eeec0000bf69d351251a61cfc2000047cfc0003d3eb00003afb8c1a41d35127cf00001cfc18001e8f600000edef39e2e8e474d44abe76000009f172006fafd000001e9f61cf17441a60f1720000071f3720577f4d000003dbd8c3451cf1749f279c0000067296df4000001bf4a0e9a893a9cf1749e1e3000000000000076f7733a6a24e84e2b593e09000019ca2231bb77d6c00003d7e982b53861d3512abf1f9800033870e4002bbf7e80001beedea73c5d1c8e9a8955f3f9c000679bcd80001d7d7d0000edea7539e2e8e474d44aade0e2001c7c7200001e8f5e8007b6dd4e78ba073c5d2611e2001e4f3000000bf75801dbdece674d449d4e78ba4c37cbc001e2e0000000df7f4007bfb3399d35127539e2e930ddf9d803c7e70000001bf42c077f5746733a6a24d2b538da64f0f281c3c40000000bfa205fd0496415a733a6a2556987939067cdc00000003d5ea0df7f5983a9cf174723a6a255698679398f279800000006fd2d1ecf4a60ea73c5d1260d60d39f8a4f99800000001ebf49eaf40d30d3059cf174986f46739f1cf2f0000000003a7d07a7d790de8ce674d449d4e78ba4c37a339a7c9e2f2800000001f53d5ead986f46733a6a24b306b069867c7f10000000037eefa35834c34c1274d44aad307539cfccf9e00000003b7daf4c4aad307539e2e8e474d44aad307539e387c8e20000001f43eb5a2556983a9cf1747328cc6e925198a7cef990000001ecfa7da8cc6e925198a1473c5d261bd19cce9a896f87e77100001becfa1ec39e2e930de8ce674d449d4e78ba4c37a3399d3512abcf2f83c9cc001beaf67aadd4e78ba4c37a3399d3512742317ac86d9cce84caa990e7c3871e5199b77d7b7a3d7ae6742317ac86d9cce84c83a6a2556983a9cf1748955b399d35cf174986f4391d3512ab4c1d4e78ba391d3512ab4c1d4e78ba44aad9cce9ae78ba4c37a1c8e9a8955a60ea73c5d1c8e9a8955a60ea73c5d22556ce674d73c5d261bd0e474d44aad307539e2e8c20ad64b6882c9c6d324b20ad4e3699259056b25b44164e1d0e78ba4c37a3399d3512ab4c37a1c8ba44aad9ccea73c5d261bd19cce9a893a9cf174986f46733a6a2556986f4391748955b399d4e78ba4c37a3399d351251a60d30d30d3069869868c34c34c1a61a61a20e9a8955a60ea73c5d22556ce674d73c5d261bd0e474d44aad307539e2e8e474d44aad307539e2e912ab6733a6b9e2e930de8723a6a2556983a9cf174723a6a2556983a9cf1748955b399d35cf174986f4391d3512ab4c1d4e78ba3fffc40026100001040202020203010101000000000001000210110330314012201350042132224114ffda0008010100010502f612646a3224ea12646d12646a3a84991a8c893a84991b44991a8ea12646a3224ea12646d12646a3b4740fd18eb9912750932351912769912750d46449d424c8d46449da6449d43d2952a8b56b954a970ad5c52a54ad5ab54a952e15ab5caa54b856ad5aa54a95ab5714a970ad5ae552a8b56ad52a5516ad72a952e15ab8a54a95ab56a952a5c2b56afdc4991a8c893a84991b44991a8ea12646a3224ea12646d12646a3e96ad5c52a5c2b56b954aa2d5ab54a952b56ad72a952e15ab5caa54a95af20be46af91abe40be50be60be60be66af91a55854b856ae2952a56ad5c52a5c2b56b954aa2d5ab54a952b56ad72a952af73224ea12642240472847295e475daf91cbe541e0a1a8c893a86a3224ea1260e408bc9e982421990707683224ea1e94a9545ab8a5516ae29545ab5714aa2d584eca8927b0dc8426b83952a8b5714aa2d5c52a8b56ae29545ab57ee24c8d453b252249ee372908383bd04991a8ea1264692e0d4e79777c1a4dc97224c8d475093adf93c5137f44d7d2e5093b4ea3224fbbdff4ad716af20e912750d46449f6c993e9c1a4d7794093a86a3224fae4c9f520d169f2024ea1a849f77bfeada7c4dd8d87509322723fc47d635de2606a3a849910e3e209b3f5b8dd0351f4b56ae2952e15ab5caa55169eef23f5ec3e415ab56a952a8b5714a957b9912564750ebd8563b0d7789ff9a46a3224f04d9e99348e608e471567d039c10cc507b4f571bbf5a47a52a54ad5ab5caa54b856ad657751d95124ea6e42d4d70774c1a3caa54ad5ab54a952e15ab57ee24c9367a3c27e4f2da0d263fcba788feb41d424c643fae93dfe477b1fe5d269f17683e96ad5c52a5c2b56b9549e6ddd1cafe88345a7c87458eb6daa54aa2d5c52a55ee642268745eef16f4b1ba9dd1c67f7ee35190b29ff003d1ca6ddd361f26f401a3ee35190b29ff5d03fa1d4c27a4dfd8e80929dfd7432ff001d4c7fa7f4717f1ec7509771d1cdc75073d1c3ee7509c9fc74737d3e2fefd8ea3393f8e8e6fa767f7ec3519c9fcf472ff3d467eddd16ff005ec3519cbc745c2dbd4c43fd74473ec3d2952a8b5714a966e3a4f14ee9e214de88e6d5ab8a5516ad5fb89cdc74b2b6c749a3c9dd21cfb1d42737f3d37b7c4f471b7c4749bfd7b1f4b56ae2952e15ab593f6ce9b9be408a3bf1b3a98ffba54a95ab56b954a957b993fcf51ccf2041076b31df5717f5ec351908f3d4734393985baead331575b17b8f4a54aa2d5ae552a5c2c9fdf59d881471b87b804a1850681d7c63fcdab56a952a5c2b56afdc49597b2402be26af842f842f89abc1a3b5ff003d8ea1253c5b7edb18b7fb9dd488a3d4ba472b57ccbe62be572f91cbe472f91cbe572f997cc107b4f5b171d1322330fdf478472847238ed0e210cc507b5dd30287b8d46443879377f09d95124f49b9084d78774318fde81a8c89c8da76d7640d45c5dd66e5a40dee68a6e81a8499737c86c7e4ecb5c5a9ae0ed98db6ed27509321656d1d4fc97db068b1fe4353056a3a849909c3c811474647df741a2d7790d18da86a3d2c8dbd191f43bcd7789f76b7c8d0ea991265edaf62681367bf89deec6f884750d464499e539be27d333be847e88363d3136a4ea1e94a9545ab5caa54b856ae2952a4eff408a324d9fa1c27f538f1ae15ab8a54a95ab56a952a5c2b56afdc4991eae6f9022a321a67d16334f8c78ee0c8d47509323d8b7c91696acdf4b8f1c991a8fa5ab5714a970ad5ae552a8b56ad52a548d11f90c20fd101671e2a6f0ad5ae552a8b56ad52a54ad5ab5caa54abdcc893a39597f1be871e276438b0b71046449d43519127564c0dc83262763ef63fc6b4d00083224ea1e94a9545ab8a5516ae29545ab5714aa3f4564fc505398e61ece3fc67bd330b71aa8b5714aa2d5c52a8b56ae29545ab57ee24c8d4668383ff001014fc4f6756ad33f19ce4cc2c67b8932351d424c8d4644bff001f1b93bf15c9d8dedde0129bf8d91c9bf88d09ad6b748932351d424ed3224c9c4c723f898ca3f8651fc5c8be1c817c6f5e2e5e2e5e0e5f1645ff009f2a1f88f43f1026fe3e3080036093b4ea3224ea12646a3224ed3224ea1a8c893a84991a8c893b4c893a86a3224ea12646a3224ed3224ea1a849e80e8191b449da750932351912750932368932351d424c8d46449d424c8da24c8d47d2d5ab8a54b856ad72a9545ab56a952a56ad5c52a5c2b5714aa2d5ab54a9545ab5caa54b856ae2952a56ad5c52a5c2b56b954aa2d5ab54a952b56ae2952af73224ea12646a3224ed3224ea1a8c893a84991a8c893b4c893a86a3224ea12646a3224ed3224ea1e9ffc40029100000050204050501000000000000000000011121503140023060611022325171122041819190ffda0008010100063f02fe6bd78d0505385454b403986e15cca872d1ec1c34ab5cf7926bd770d1af00c1e2f70fa2d0a19a190b462168c428c5280df462858e4d54971515d10e1bdd50f6c974968c1f2db406d9dbd9a45ed61bd92c57a6c542c42c2f9b24b64b2f1a84cac8ad4e18a60a1ce18b4694394d9591431daac3143f9862b35ed66966535bd995a1da204b0f51da15a1db3e729cfbe6a9e82ed90c41c3462dcb970a98af0a6bd4b7a71a8a8af0a70adb2dbad9b3e731878b4b1e50f65de2bce76e1ed9c34a261b96885ef96854bb68740992857ab94b7ab9090e90aa1603d318904bed53814f6ac127b14f4629c3942a9c3a185f8834205eaac52e0fc8161bf78cec7dc397ddf2e3fc0851ce1701a6c398ae9d88317dc921928e4340e56ac3998313cbd13c0e5350f84f3d8513c8e6350c4938f848319906c643e0fec7418e83fc1d262863a4ff0007418e90e81f10e95f21893fa45fffc40029100002020201050003010100020300000001110031102021404151617130508191a1b1f1d1e1f0ffda0008010100013f21c9bcd365b7159b6da645ef4d96c9adcde69b2db8acdb7379a6cb6e2b36db4c8bde9b2d935b9bcd365b7159b6e6f34d96dc566db69917bd365b26b7379a6cb6e2b36d198cc6601c442210f15198cce57108843c08cc6633108844233198cc1c8e621109c2a33198393cc4221108cc66331088442128c66330737108843c546633016621108846633198031108843c546633395c4221084233198cc4221108cc6633072398844221a0acdb6537379a6db64d6f6d94c8bdc566db29b9bcd37159b6ca6e6f34db6c9adedb29917b8acdb6537379a68912246b88d1b048983468df112260d1a34e51224748d1a7b448915a3469ca24489834689f312260d1b048912e63468d122448d711a360913068d1be2244c1a3469ca2448e91a346d0de69b2db8acdb6d322f7a6cb64d6e6f34d96dc566db9bcd365b7159b6da645ef4d96c9adcde69b2db8acdb709f3f84012e770386456d80e9938604170820f90ff93d667b10005a7b13d067a480b52fad037c6e027cfe1004b9dc0e1915b702b36d94dcde69b6d294103a130ba4212d97e3042891003cbec1ff00d09dc97d96dc566db29b9bcd37159b6ca6e6f34d24ab805733bb2f9d1da94376bf92f9fcd4566db29b9bcd3468d1a302244879a8d1a0e2e24484b08468d118912244634680ab890883260a87fb2d4f516fc3dca4bf11a340544890f351a341c5c489096108d1a231224488c68d071712244d0de69b2db8acda0387230af27ace278208650de69b2db8acdb7379a6cb6e2b0219439e075e42648c070e2734d96dc566db9bcd360bdc540701cc10d93fd11f89e4404031cca6c17b8acdb7159b6ca6fca7fd7f4a778af1000f629b9bcd37159b6ca6ccf1f73fa739b1000c6aa6e6f34dc566db29ab3c7dcfea48e102c1a29b9bcd3442211086e33199c844221384663305c42211435df7f5656080470663305c422114663319807110884e0633198ce86f34d96cf002dfadf912f16dc566db9bcd365b01294218bbfeb91cff0098b6e2b36d1a34689f312243e11a341e5122421731a7cc1fb01fbc5c21731a34689122464468d007c989122682b36d949c02cf508ecff67adfec60f7e9d49ff612d86e6f34dc566db0d1931d1e9000c9412ae7765f21259274a43805019df51f07a5719f6adcde69a7dcfb9f738713e67ccf29f73ef0f99f33857fbd20871ccf984593fc5c15881197f3a34060000106e7de1f33e67cce5ccfb9f71d27ccf99f3a1bcd3512838e8f4448064f109c071f944260a307c0f1d19e47db6159b6e6f34d485f3d1128330dea7e705162288d3a259b0566da2448913e634683ca24487c23473eb8e8985285f42400588108744a5d8e22468d1a302244843e4468d1b4159b6877e1d1303dfb747c51ae89ccf2d4de69b8acdb4283c8f45c276e9094ff00bd0a93a9bcd3446231182a31189c8c462338472f81d0930f884b2fa4e4fe9d11b5188c46211cc4623070231188c686f34d04c9efa1245efa52e881b21e0e82b36dcde69924dd11707be94901f7d11721eb4159b6e6f34c922fdce4be8682b36dc566d92e5d157a50be8b87d34379a6e2b36cd5f7a216fe0f4a097be8bfe8d0de69b8acdb347de8953d74aef40e8abfba1bcd3448912124468d0737122405f4e8df8e9395e8947d8d1a3442244878a8d1a3686f34cffd5d1f02be8cb3fd747ff7682b36dcde699a7ef49f3cd745ca9b747cfeda0acdb709f3b03f81d201a8773a07f83b750070c8adb8159b64187d74a2f77631683f37a8f8f3d285bd686f34dc566da0110f1d280413de0f3f8c11201980ee4f8e982ce86f34d1a3468d7112260d1b0045efa7e4c729da58f5bda861bbd7a104a05d3a44ff0062448939468d1d224489a1bcd3405752a40c25ecb09ec41ee30541ea40654012781a0acdb7379a6863ebf6ea3d73a8acdb462311884331188c1c5c62310f351bc477e1d290b10203ddfc847b49ec8027b7fe68de1eb3fc80bb8c05b044a01e984032ef1888c4623188c4621e4f11188c474159b6ae179f4448064a83d23ba2f90977f92cc104abf92a0f3e0f44392a201e35379a6e2b36d4f3a0120192a7643fa61564fa2f4ef729b83e3a06bf8d8de69b8acdb6735dbf33881cc1865d31b8731000c98fccb877d8de69b9bcd36713dfb7e5ff00e53a928ffc41bc5f8fc9cd9a1b8acdb7379a6cb4e1d5f8dffea1f564717301eeee3f1a606e2b36dcde69b2d0252842158fc2f76bbf5a452e09e3fbf8585ff92db8acdb46633198031108843c5466330737108842108cc416c7e0e2967af33fb77808218dcc97f60104042108cc6633108844233198cc1c8e6211088682b36d94cbec51d8462ed0862eff00a0efbf9b00494270fdfbe29b9bcd37159b6ca648008c3afb76d7900ff7f424404768ac3bebed19a6e6f34d122448d711a360913068d1be2244c00310ea3925071df97e8b95e3a33fe63068d1be2244c1a3469ca2448e91a346d0de69b2da810610d1c38f7c7e8d07be33e87d86ab6e2b36dcde69b2db08118611874fd1828b839119ff008f65b7159b6e13e7f08025cee00a440f46b7fa32080c9ed0c6762b7012e770386456dc0acdb65373708008860c207ce22bf408c3c773d84e11cf7962db29b9bcd37159b6ca6e6f2ddfc50bf6bc2bad009280661fb110160000f19b6ca6e6f34d1a3468c089121e6a346838b891212c211a344624489118d1a02ae142e40f99749e5510083aae483ed0477bcae340544890f351a341c5c489096108d1a231224488c68d071712244d0de69b2db8acdb2e020f739e63c1a96faf3dba50448093ea72dc3ff67793c8e86f34d96dc566db9bcd365b7159b6d12f9bcc054fa1e250cfce410127d4f15c04673f0388150fe36379a6cb6e2b36dcde69b05ee2b36d94c98ffc69ff009809dd4fa20343e1066086e2ff00d44ffd146cc0d5fe301bc7e984d827751f821fe6006801eb06b7379a6c17b8acdb7159b6ca6e6f34db6c9adedb29917b8acdb6537379a6e2b36d94dcde69b6d935bdb65322f7159b6ca6e6f34dc566db29b9bcd36db26b7b6ca645ee2b36d94dcde69a211088437198cce4221109c2331982e21108a33198cc038884421e0c6633395c42210f02331980f3108844238cc660a88442708cc667231088435198cc66211088437198cce4221109c2331982e21108a33198cc03888442703198cc674379a6cb6e2b36db4c8bde9b2d935b9bcd365b7159b6e6f34d96dc566db69917bd365b26b7379a6cb6e2b36d1a34689f312243e11a341e512244b98d1a3448912308d1a00f9312243e11a3405f062448808d1a344891235c468d07944890f8468d1be2244891a34689f312243e11a341e512244b98d1a3448912308d1a00f9312244d0566db29b9bcd36db26b7b6ca645ee2b36d94dcde69b8acdb6537379a6db64d6f6d94c8bdc566db29b9bcd37159b6ca6e6f34db6c9adedb29917b8acdb6537379a69fffda00080101000000100c39e1ce1e70e1873c3861cf0e70f3870c39e1c30e7873879c3861cf0e2492208200020412440e1cf0e70f3861c39e1c70e7873879c30e1cf0e049200900012009240101873c39c3ce1c30e7870c39e1ce1e70e1873c38f3c71e787d471e78e3f873c39c7ffc870e7871c39e1cafff00fdb873c38fff007ed5ff00ff00ff00ff00efdb861cf1bfff00ff00fec39e1c30e79fff00ff00ff00fe1cf0ff00b7fd7fff00ff00ff00f6fbb7e1cf1fff00ff00ff00ff0079e1c70e7bff00ff00ff00ff00fccf0e3873dfff00ff00ff00ff00f278702001ff00ff00ff00ff00ff00c00000c39fff00ff00ff00ff00ff0033c3861d7fff00ff00ff00ff00ff009e1c39dfff00ff00ff00ff00ff00f870fc39ff00ff00ff005fff00ff00dc38e1c3ff00ff00905fff00fee1c7ff00ff00ff00f600ff00ff00f7ff00c309ff00ff008001ff00ff00cf0e187fff00f0000fff00ff00f87e1cff00ff0080000fff00fa1c70efff00fc0000ff00ff00d0e3877fff00e00001ff00ff0087020fff00fd00001fff00f8400c3fff00f00000ff00ff00dc3861ff00ff00800003ff00ff00e1c30fff00f800000fff00ff000fdb7fff00e00001ff00ff00bbfe1fff00fe000007ff00fe1c70ff00ff00f000007fff00e0e3b7ff00ff00c00001ff00ff00fee18fff00fe00000fff00fb870c7fff00f40001ff00ff00dc3f1dff00ff00f0000fff00fe1e386fff00ff00c0007fff00f871c37fff00fc000fff00ff00c38025ff00ff00f801ff00ff00fe00060fff00ff00f6dfff00ff00de1c30ff00ff00ff00ff00ff00ff00fef0e001ff00ff00f9d5ff00ff00f840e1dfff00ff00800bff00ff0021c70eff00ff00e0000bff00fb0e3873ff00fc00000fff00d870387fff008000001ffc7870c3ff00e80000017fe3c3861fff0080000007ff009e1c492ff000000017f4881c39ff00400000003ebc38e1cf7c00000000f1e1c09245a0000000074802030e640000000075cf0e187390000000024e7871e78e0000000004f1c7f0e787000000009cf0e3873c3c00000038e7871ffefd80000001ff00dfb70c39e1a0000001873c3861cf0eb0000f0c39e1ff006ffb7fa6d2bfedf76fc39e1ce1e70c3873c38e1cf0e70f3861c39e1c70e7873879c30e1cf0e040000104090408000001873c39c3ce1c30e7870c39e1ce1e70e1873c3873870e70e1870e70e1f873c39c3ce1870e7871c39e1ce1e70c3873c38e1cf0e70f3861c39e1c7fffc4002a1000010303040201050101010100000000010011311021612041517140b130508191a1f0c1d1e1f1ffda0008010100013f10acf5f75622b0d4c1d1075abddab83bd064d61acc57d559f5cf5f75622b0d4c1d1075f173d7dd588ac35307441d6af76ae0ef4193586b315f5567d73d7dd588ac35307441d7c5cf5f75622b0d4c1d1075abddab83bd064d61acc57d559f5cf5f75622b0d4c1d1075afcc5662b3140204872b105882324d60598acc55d325882c410821018acc5662818cac41620b104404806cb31598a10e0395882c414307598acc519609c2c416208801205c2cc5662b3140c21620b1046200582cc5662ad992c41620840bd85662b31440025c2c41620b10598acc566280024395882c411926b02cc5662ae992c416208442031598acc503195882c41620880900d9662b31421c072b105882c434475f55666b2d448d1277abd9ab93ad020565ac4d7dd58f5c75f55666b2d448d1277f171d7d5599acb5123449deaf66ae4eb4081596b135f7563d71d7d5599acb5123449debf31598acc513363305882c4100c73fa598acc51131bf2b105882066e82b31598a68bb95882c41620800397bacc56628913232b1058821f8b8598acc510064e5620b1040898b5d662b31598a78b305882c41011749598acc51311bf2b10588205cc7f4b31598a222c90b105882c41662b31598a266c80b105882018e7f4b31598a22637e5620b1040cdd05662b314c177365882c41620800397bacc56628913232b105882c4344f5f75622b0d4c1d1075abddab83bd064d61acc57d559f5cf5f75622b0d4c1d1075f173d7dd588ac35307441d6af76ae0ef4193586b315f5567d73d7dd588ac35307441d6bdbc14de0a6f05139a53f909fc840c4dd37829bc144c45993f909fc84271764de0a6f0534d9a53f909fc84fe42658d09bc14de0a302c9fc84fe421ceee9bc14de0a302c9fc84fe4275cf09bc152803b2a583ed7409b1ba43b45fb0a0000fdc86ff00eb40921fb2248fd80a935f741e1c01404cdd37829bc14d8a53f909fc84fe426f0537829bc14fb4653f909fc840c4dd37829bc144c45993f909fc84271764de0a6f0534d9a53f909fc84fe42658d09bc14de0a302c9fc84fe427f234475f55666b2d448d1277abd9a30cfd8156e23f80859001e9ca991f7f8c9bf58590262c60e8dfe84b96b8b11020417d71d7d5599acb5123449dfc5c75f55666b2d448d1277abd8800e400e4ab7893fc050ccf1622492e4b9f08b39501b0439b0a8e5f958e98ebeaaccd65a891a24ef5f8160581000026e1645910937b82c0b029cd8eb22c880f0e4ac0b02022ecb22c8b2226248162b02c0802d61591308803728a374dba110731f1e2e13302c12fcab113724ac0b0200004dc2c8b22126f7058160539b1d6459101e1c9581604045d9645916444c4902c5605811016b0ac8b22c9a27afbab11586a60e883ad1b9765b04f031c71e6317faa15ea391b853d7dd588ac35307441d7c5cf5f75622b0d4c1d10754b54703728e80eb1bf7e783980dc22b609bec6beeac4561a983a20eb5ee3909c72138e42124ec98f0531e0ab2eb5d38e4271c85780d74c78298f050902e9c72138e422434a63c14c78298f051065f640cb7c5b0ed1e9847e84c0ffed0844ec3b8565d6ba71c84e390af01ae98f0531e0a1205d38e4271c84486374c78298f0531e0a20cbec9c72138e42bacba63c14c78298f074475f55666b2d448d0d90bbdff00e112e5cfd11d26e52505091b6b8dc5666b2d448d1277f171d7d5599acb5122b765e00dfe8e0a763ed41422471499acb5123449dfc5c75f55666b2d448a3d26c0df1f491c3b11fb5ba0dc70a66b2d448d1277afc01600b00444100480b21590a0b86fdac01600ac06b74b21590a324012e1600b00441a0219c87dcffafa584dee41dc224363fa590ac8519200970b00580220c6c1642b21590a0102405802c0111601618590ac85643a27afbab11586a07bb16c0e512e5cfd30f72e723fd4080041706290d4c1d1075f173d7dd588ac34d90207251c9725f4e74ed8cbfca435307441d7c5d4041d26b4449a15a286cad0059216608ad83b4339fa7c170af5e2ff00a401648ad385b4544c6102b401dcd75475f55666b2ab81cb81e41980ed1eff009908007a3e3986c4072101d1c10e0d448d1277f171d7d5599a80c1800e514aeffaf118c03925580a7c9b05c27c032fd8e17a824416508704bab50de458ab68fb43c57457bba5448d1277affe197f0cbf865c2765fc3afe1d362d97f0cbf864d3975fc3afe1d3c369efe18960e53eb7c8809d04b3f13611c6765271b948f0cc36414f9400e17f0cadbbc2fe1d7f0ebf875c89bafe197f0cb80ebf875fc3afe1f44f5f7562280215800e510aee7c2391804928d97f8373dfca0e7037082db06dcf5e1be2bdc3aa183a20ebe2e7afbab1146f19f5f08062301724a6407100e73f390042088210e364ce7c2e26763d29460e883af8ba899320d688034ab44c6d949a1b5af0af4f2393c7824458965be848e0f84376dc272da2a0231915a21ec6baa3afaab329e6d8e89249264f82d64add912497327c2be5b5d1dbc268cd8e1091a24efe2e3afaab329b49fd43c2b7cec7df7f11f398ede0e2f374246893bd7e02b01580a200012015902c8105c17e9602b01570bdbb4cc05c7830cec0128842925cf88d9bb8678446537172b205902c81109100ac056028c304b1cac81640b20d13d7dd5885963c133b901e2bab92df9f0b281a20ebe2e7afbaaf3c013e177623e2e2603e133cf77f7e7441d7c5cf5f755e386f0bfd3fcf1448420782c03906883ad7b9e539e539e5086a61c261c2b6ce139e539e5300e481e105dc91e28b88e4f846e7a261c261c261c222ebee9cf29cf2aebd30e130e130e34475f554ed73fe0f84dbc03e2f4b0f844c7c7de893bf8b8ebeaf15b914d9df8afbb3f71f0bf45ef449debf02c0b022040360b22c8840bdc5605810190f0d63ac4b8e8f88c642e4ff006dbc2fd32c8b22c88180245cac0b02226d605916459344f5f7546f7f2de1daee4ebc33ed13d1000000580f081c587bd1075f173d7dd507271e188043182885006f17f9e15b0dd38c7862c70d1075af7f013f809fc04d9a537929bc944c45d3f809fc04eb6d87f7e21b7d83c144e1623f7e03c01b2077cf880f89fd26f2537929bc94eb1a13f809fc04245937929bc94de4e88ebeaae4c3f15ac6c28226847efe6398136d400006161e2387c3424efe2e3afaaa2ee0f09c9dc478b71ce0ee11725b1bfdf8c50a26c13033b1b078d6b9c81a24ef5f982cc1660808b9dc2c4562288738fdacc16608099df8402445de3b87d923f0aeddeb910416218ea2cdd0046316df71318fb1f1c9cf2622b11588a244e1aeb305982000e9c2c45622b11d13d7dd588577ed1f27f6601441f428ed83f0bfbc20e4f715bd0cdd00006018790400492c100630c6883af8b9ebeeac42cc2e1f577f18bc8c1d1075afccb32cc88420382b12c48c0b585665995b1244818c91896ef14538cc965026782de47b289f4ce89768e8113eefc0595f808079fd82027ef20733a2cbfed72dcc706de31d6b9b0e82260ceb12c4b1200001370b32cc84b80e16258962d11d7d5599a3010b031efc26e20e495653173015ac37c58884e449e4fc9f8c07b2b00439b0ab60c740f84040124b0421bb19091a24efe2e3afaab334e76671da82c7e7380806e50c3b8fe213c0967c26304e0ffa5692caf02f78f7a091a24efe2e3afaab3357901b83bdfe679e886ddabf470361e2c26b7f9b7081c426e3e67805d734123449dfc4cf5f75622ae010bf6f90960e51cb9adbff00ca9f21c65b72829d26c12523e46006e9ef6a983a20ebe2e7afbab11585586ff23f1120024960118c9d824f961c680b830fc400490007250b7d93dd4c1d1075f173d7dd588ac2b74083c1404588c7e1703db21bf9a3856041968ece0fc3682c3f650d4c1d1075afccb32cc80024392b12c48c9b581665995f32589624021018acc8d300be47c178eddcf03cf181b95839080c8e08707581c125c04260000304021018accb32062ceb12c4b1220240360b32cc84380e56258962d11d7d5599acb5b0ff00e47542403a39372fa0485cff00cea02039258042dc1dca92d448d1277f171d7d5599acb5281b83628c0ee52e469709585ffc7d04a131270830007d30abc5871596a246893bd7e62b31598a266c660b105882018e7f4b31598a22637e5620b1040cdd05662b314d17728ac23078289077e79a80850039442524ff004270a3c875a1a0130fe0a22637e5620b1040cdd05662b314c177365882c41620800397bacc56628913232b105882c4344f5f75622b0d4c1a410220f08f46c47ee8d213f439efb5cfbd6c0191bd222b0d4c1d1075f173d7dd588ac35306bbd4d8f09a2cc1d8ab3de4fd0c800905d13046e1d5906db1ff00b588ac35307441d6bdbc26f09bc27cd29fca7f28189ba6f09bc22622cc9fca7f2b7c5d93784de134d9a53f94fe53f9440f47a4ff0056007639fa19209cc003929911a1c8028189ba6f09bc22622cc9fca7f2b7c5d93784de134d9a53f94fe53f94cb1a13784de118164fe53f94fe74475f55666b2d448d12768e46018821c14da8c8778eb94412208208907e8113e9516a5e1617fb7029eaaccd65a891a24efe2e3afaab33596a246893ba9118e304f6374d778e2e179a04512c000e4a6e7a6006e7be1099b580357d5599acb5123449debf02c0b0200004dc2c8b22126f705816057c9b1d6459101e1c9581604045d9645916444c4902c560581005ac29fc42c0807053b85f7874764f0ae60f47c994caf3dc6e7a0a70efb84b0200004dc2c8b22126f7058160539b1d6459101e1cac0b02022ecb22c8b2226248162b02c0880b5856459164d13d7dd588ac35307441d6adf00c8074fc7777f948464b6e1bfe5e28b9aa00394d4419eff82672c59cff00e689ebeeac4561a983a20ebe2e7afbab11586a60e883ad5eea1008621c23460f83f509f489ec274601bb38fcfcee22b607299c9026e4dfa94de0303fea642b09d53d7dd588ac35307441d6bdc72138e4271c84249d931e0a63c1565d6ba71c84e390af01ae98f0531e0a1205d38e4271c8448694c78298f0531e0a20cbec9c72138e42badba63c14c782ad77b271c84e390aeb6e98f0531e15dc1e4d87f215f8de1c3f685fd843feafd3a1feb29e2741fd2843f722390fdebffb542313a25eed185bdba03fd504fd927d21bf0cd272381b913ff8b1a50004e3908c136298f0531e0a63c14e3909c72138e42124ec98f0531e0ab2eb5d38e4271c85780d74c78298f050902e9c72138e422431ba63c14c78298f051065f64e3909c7215d65d31e0a63c14c783a23afaab33596a246893bd5ecd5c9d68102b2d626beeac7ae3afaab33596a246893bf8b8ebeaaccd65a891a24ef57b357275a040acb589afbab1eb8ebeaaccd65a891a24efe2e3afaab33596a246893bd5ecd5c9d68102b2d626beeac7ae3afaab33596a246893bd7e00b00580222080240590ac8505c37ed600b0056035ba590ac8519200970b00580220d01642b21590a0102405802c0119601618590ac85492ed600b00421c018e1642b214420092b005802c01127372b21590a104090e5600b0057035ba590ac8515837ed600b0040011018ac85642b215802c01600888200901642b214170dfb5802c01580d6e9642b214648025c2c016008831b0590ac856428040901600b00445805861642b21590e89ebeeac4561a983a20eb57bb57077a0c9ac3598afaab3eb9ebeeac4561a983a20ebe2e7afbab11586a60e883ad5eed5c1de8326b0d662beaacfae7afbab11586a60e883ad7f52ea5d48083a4d6889341752ea450d95a202c90ba975270b68a890c202ea5d4803b95afc85d4ba910f62b4447121752ea5d49cbd6891b202ea5d4818fb2b4001e4ba9752064e83a28ea5d4ba9010749ad112682ea5d48a1b2b4405921752ea4e5b454486101752ea401dcd75475f55666b2d448d1277abd9ab93ad020565ac4d7dd58f5c75f55666b2d448d1277f171d7d5599acb5123449deaf66ae4eb4081596b135f7563d71d7d5599acb5123449dfc5c75f55666b2d448d1277abd9ab93ad020565ac4d7dd58f5c75f55666b2d448d1277afffd9),
(21, 0, 'tomas', 'ruza', '$2y$10$DfQpA9rThyQIbMizZz0o7OwbcxftstVKQC3PE0eZIGcrYL4OORg6m', 0x89504e470d0a1a0a0000000d494844520000015c000000e904030000009a48926d00000024504c5445efeeeeffffffc2afa5d0bdb3b6a297ddccc2eaddd5a994899b84798a716572574d472f27e606516d00001fb04944415478daec9ac173dbc615c6497b847172a2d348497beaec02a6ec5c1c2c9792ed4b06040d49bdd058ed5ad31324185bf7d6905000caa7ca74084a978eec9458e854471911e0cd69e388fce7ba90dc693ad3633b8066b82372b4240e3f3d7defedf71e50b97db56a95ab55f6ed027781bbc05de02e7017b80bdc05ee02b714db4aa5fae193926f17b80bdc05ee7fd9f2ea75c2dd33dbcef5c1adae8bf1e36b14dde38b38a2d7067725c9e2feab3bd7055799a6a93adebb2eb8cbd38be43cd29e5c13dc4fa6998863e3fe35c1fd742e71c38156bd1eb89fcdb2c9189297bbff4bdcff9f2bfd7c962522dcdfe95c0f7bfeeb59126b8dc06d5f13dc2c9dc4fbf5c7ba73b5af951bf737b32c0e277acb55b8e228152e57a7fa9f1757ca835bfd289dbe69194d4f51147eb93c46d9ee2f2e5ed121ad9426ba1fa7d91b6a3b8e23413957f237b9fecdb75c370dd4299176a72f3b4b8c799ec7242793bc0e97f41f2e5e6e5896e9df2953653891ac184950ea51f92be74ec5f910dfda9a35ecc7e25589a2fb72bd4929424432134a1993417672e49cd61e8dad201227a5c1fd7ca29216d230a21ed67e81ab28f24b3b32ac280893f2e0de7ad3e801a26b0479c8a094604a3973f2aa56a9b81b4138343646c9fbd2e03e3f436a03424800d629c62ea3d4bdac67f247f551d04fe3f1e6a434b8f50da0aa86a1a15588a08cae872429956ae0ce92a146c3681489b43c62a89b66cbf60dd55e1f109b124228a7f2c53995d875b31ec623519e545b5af5d5960e40039913a47b9a4c380f112cf30d4b35908d248a8548beaf956402b9fcc53b13e93a42d4125a2ede26f6488e2b4b30a5db4288283e12afcb62cf6f3e7c876c4211c028843626a429e54028669c624a9061d4a32849fe5a1a5cc038419440cdded410a38822cc1a4063b2a431796ce8e168941dfda52cb8442a348f26a6ee569bb60996a731ab9b0831449b84b207a948d2d3af4b825b63392eb68db51ebbd7a6d0b59b9853d580144b728039d9ccb249f2a424b82b32a53c2263490d6b472ac0c5b4e911134819108cf28c5b97b8e7bb25c1f52822d4c674331dd8a025854ba416d65b94e8d8a3546ac43bc866e24d591a774a75a8aac1c17c3e3f273e9294d47303e91b72c7232b037e7a344db37fd5b1a2715710d2815e1f4de7d974fead0a731f498941b18ef2f473811ef94972f15549a2eb12d592fff983f9d9a63afd41ba1ce921312204e5c68c520f01f66c92bce5e5c0ad493620d38c9f86f3af1fbd737528c520eb97dec53664b2b770354f5f9d7f5712dc25940797327eb135ffdb67ef3d17e994294a3f9bf4b08be59f4198078eb23fb112e0d66a151701bd45185fb9d83afee9d3f77c499631ee3c9fcee7a9acbeb9e3e58d9118343b45e32a4cc70c568065404c9a95597d6a3efa992b4cb63df4f8448af90772d905717b247c5a34aea26a7d13effcf6e64637370cbb2f0e6963faf79a54424db12f78a89f4e3ccc73f8bd4c9c2c39c54e206bf646af3fc4b7be55560ff586813a7f9c85c9e94f4b9879bbcadd7fa8b3e507173d88f3167e699a7ee5568b1d3aed014b8b86c0fd5ed96981968eb0723711c97d4e9ab285f8dd8fda7c175c4c30bd6c89b79b0a2d1677255c1ba1c8c4fcade30208359483ddd496e4b1eb798d171297e1f796819b2c9f42299c153ad2abad8d82553d8bba2ced78368039adecd215b7052057d6eefd4c020bfce831a2c964cb87669d42719793cde1c03a4d27cda326652a8208e75305fe7462198fdd67edd37d4eeffd79897af04a0e7cb750dc9bc777c5385c3f13ed8718633bf73508e14eedf8221bbcd4f9fef359b0755693cd30d124ada254aa85e2da2f8622d81c9c07700bb7c91f8c7c22d2e15439be10f14b872bd5e7d9e4893c313891cd70c5719442a7e735f5ee441c86a337faf6446dabb77cd33739819ddac7f3743efbb2a2f0fc5e26c684c9922c455d5d29147705ec6433bf3eedb69ebf85f8f0d6c807681b5ac36fbc7936eb3ad59a4c2e574794f23d1961472ab75031fc0aa8e7c9b8b9aa3ebea16ddfe97d248606ab54abb79dea17b3fd4e6da7297d0dcd2d24f7f4663e38bd5d68aa7d62a0f3ad51db46f73dcfc2ed87496c52c3b4f66b7bbfff99bbccb925138cc9ce1236bd7cdcc02bc5de4ab96100b1a99ada5e9cc470fd9b5134341036fd815a5f3ddb5ff24f3a2b1ad529ca676408e563ff626f54dd846a724ab4f5703e3d647d223271d89466d169180f4e822f6fefbdeeb8b22650591538ca477bbbc5e2de30d530d1d0e6f86078871bcf46593a40a80e7a003f3ab1c251870fb9146f8eeb79b9189ca2710d23808dc80a264d8a9fc6516c69aa6174c1c6f4bcaeaa7e47c9fb0b9edb85bc5d63bcd867209f75cd6ec31f9d1f88f92b809e8a2c99b4905c77b371e6fb141eb265006519e38ee7217c69278a7c4060db0a02353d4dc5d16c60b5d6c2284b630da1b5cc34fb93c680a1b55d4ac95580f3e8168ddb1f8dad2cf50db5ef0ff06a24924cc4421c1faaa69540d5d0382332ac944b3f66cb525630ee5a3f1d4f853851a18900b6e251968828894343ef9a07afa5fd6d12eed93ac4983a04158e5b0f6331ae9b5d5d37605febea8188a361100c6dd0b282549326cdf35cdd3021cb3d192d18b756f7c33830a42b87aa16bb032388466218983d95688d1d7106a56da40802a8c34b0f498b7d1667c50a44360eac1eb2217afbac0b80ea07a1798854d25b53ad51da233c8f2dc8e7e8f949512ceeb2ea83288eeb3eb10fb7bf5b33003082303003d8b5b586b66184c23480a14b13ace565ecea59810271ada3284aa6a9896d93e0cd6117999615f82a405a7b1bebc81a762d3f18028d2026abafe7148b7b230efa61f720f37b8d166958b10a313003f39fcc5ccb721bb915a5a3a8d7cec61f00a0d5d26487db68d259a51aa09bcacad520c05465c3328d76b29b34dbee966627d126a9ec6ca544cabb19277a6db3b1e7e772212bf30133538594288a3b9dbeba8f730e2e240b898c3c163c91246714a48a9138d869151a6ea3d46a737db7286ba1797e7c82ef84abb6a9a9a692034d15938c6ae1cdc8f070d366b4dedcfdf0976b51084e73b626827386116d6a8881102234215048eb97476c157a4b2f5d7697977717c9159dc59c327d764d9130704a18234a42c9656c01234e1f3c91b0701febc3c5c79bdbabfdcfb500568fe3fe854436ae05b65a683807019af8b87a19ec1dd3c07071ba8e3697b7779f972dc36ed698d102a5bba1381e0435feecda3a2190dce0844602f9f3e0fe6a7c374a4943bad5d9edb9229c2d4c21c6cb26367eab0579987da0bace87d7f85aabc26ee9ed80489be27cb554aca1acb1a570a3a6c991e09a3d8792d2e15be57d694c5bff29385c2895e4eb9389a2c05af1821ad6b266493a4c5f337566668537c69c5f18c1c49886853b03aed2f576dd8c0891a33647fda3576db758df5d5e5054989810fe4cc2399f08f6abb00c08b7ccd313d58e36ab16694cd71e9c0b92aba219dd5edede6eb60c99390a08739f1106bf1e8ea882c1e5799117a458aa023b5651a8cbed05214953acbab3bbbb1fdb3803a7636f8ea154f3e10d0c37954038dfdf9ce4381c12f6c671a121a9d99a1dbd2f8eea25c5f94bed0cb54f358babd0d18d38a5d4cc0e378b1a396242f7224c51c749ab78d2a8b4bb91e4eb72805fc5d1e2a1d282c1dd0555c766bc5a328ab3b78f3ad208b0dacfdff2e8789edcd4fb00c65161bd31025915166ec41803f3f49c8c89a630a8f30a7fe037d29a861dbfc79c3898235de0454e0a9912113abab9ff63af93581309f1e094652eae84715a33610efe03a3b7e526c71a54ad4c562d0d9e0c8412529c249496440f2757a90523a615666be7f4f87b919e57470d502eaa9414b9a942c3e584b4798e9a3da56d3cb92962a45ec6a5569fccccab2b5176f80ca28a7472b469bc6a0f0b778710959b58b729b608f1ea86cda78ea4eaf96fe4d055fd0b3a96b9fdb86debe466bb5ad6c13bc30e275283d4c598f6653cf80c14fb2ba16ae9ac75b2d84b5f73ba3e5b5da342c22c8fffb7c810ca81dce58c3a8a1941399362f2654884e78a34ab664298e4d98bd889c3c5821bc3c9bd560b2b7e760949f19542c6680e832f7345fd45093066a433d3881db0d5cbd6ef3b796fd7b9c07077204e05205c28f6891e6c170c70d26ac8ca8513ee105182755a102f8770de4581e1ce50436a45c5e4941720fa85f4c652afc2c1a66699fd26abe2f1a9b59c6090ef4f7d7a61e16ace29504a26a74c69a13b39c8917745d2387c06180f05b1f818fade3df7f75302475703890d6845caf74b9c654bf2fb6b5139164f2bf61a90d418c866d654a5173feec1e90f99bbdc2f16337934fa4073c2b7f42817253bb753a7ffe52a31a34657591579ad36ed99e0a586da8708529bb3392f41e9a2b95c9ae4e8adeb552f3f550e476f367beebcaa9c5606ee4fb083c235d87709cf664bcdfd6a79d76eaf973aee99a83ab8d92ba1f29b9a2e8b2a24bcfaff00aec34a233c4f870c786e794dd2d5895791fa9b2fddb928bd6eaf1c4c2b90f4c5d0042fb55dc05a4be383f6fb12c5da787b355a0e1dcdedd3db1fdc529759eaf599ce22af244a1abcd41c2ab452cee4f82d241626979bd5428216e3c5feb78fafa3590e66a63247fd98d356581b7caa09ec4f30eb7fe2f3817c3922dd8514e5109efff6ef4f0e442584ae6643c3b3fb33616413c1e102f7d5365abc7af37498dc6ed617e7c6b5dafeeddfeeafcffc01fbf477dc9f567a57248a4227c3134fc600f6cfd5ab39c9f3767db7e98ae44255076fcdcb3dccdb6894ed582c35edd9d8cf86fbaba9090d1c95cec190f741d064d37cdc2c73cef7a296d9f275a5f37434f40ed9fd9970144581e979a48182e685192969e6fdf57aa31aedccecf0c7a5357cb8cb77334c5aed50bf616ced8345160e2e709a954867165a19d6cf8faf16b2a4fae0eef6e2ddac5cfdd14d636d2b334d9ff77ade857c143cba6012d2cdc99c98b258ad3643f1e2db72bdbd19aee8a4d9e650e4f1a3dea327f0f5166e68b858f25cd102782c4b3b6896db374ec7b03a5a8ac13b4d0f2e6c3358eeed62c2d87bbf3470eef68c01a6ba0b82a35854e5e270f35a946adc140b0e321507b55865a4681a7f41b4fac9d10b08172919ce0635175a52ddfe69835322494b76d257e2cfc3a757476c3374c6f62abfa0370d1e5d079aa9a26973aa730267c7ab1a850fccca7cc05cfeaed7bc6c6b8a5ab38aac9846bd5ee84666206d984a6b596bc6c8e1cd1659221fba177cc2544e2d73b5cc8cf506ef5761193aba86502212457293d4bc5bdf106381094d2664cbe8908f1b6494d65fa6c2361685ef0c009a826244ce0a59ee5f5e3131ddfdc7b09c97a52a64365940426d547937bafaa9310483ebee8f7b0d903ad6241fb38f1fd202c96e53d2b4df5f898c70cdbfd553679dc73ced058e6e490da7c2711283e1f9849c7de8368797471d1383c9c15c403b58d3cbfdb9f57b177e8ffb7150b8ceafac00b09144eac079c18eebf6341d155d2106ede8d48e3f7db73dff43de64f7eab2f738f0bf4219b34202574a414aa8eeabd18a14cfccb8ee0a236afeba1cfff32367ddb9f33202b0d4a6d35ff07b7f31df7d92aa6ee1572c283012bbfdb6db142aaecb9a3543a1622926ab5b4dcd604178777b77d388ff1273fdce71db58589e8c54abb1eb0c009a6b571980d03a5782d0804a75438a94d3c95e73939a0b1db049b7a20350e96ccd2db9d7dca4b1b42a73333713fd737990635f6f9fcc2df46b77461f1e1fbeef7bc0034e475d747a68943311e441c4c2a2dd51d75db94572f9ecacc0e7655e4afefda5a90f7fe44be706e704af4685bb572b63baa808fda4081862e9bbbec5999d7c5d225de64ccae93fbec55a3d9e81634fabff2d918d02771f98d558d78403aaf0c819f576f09288f5348d309b64e2ad78f29898c33caa67a11107586fccd2f22131d67bab31c0a5ac404ffa65ef9498be799991f36a22f02a9a74cd61d80faea15c03deadaaf1a2bb332326e0d5290fbd42147f0765b095384e67366ba2987174403bd6b0cb45b85b6467bef3e9a5e5ff032e15d63b694dd8bcc60ca3a1ef9c8a19c2d355867952a0c76561f9f4ecd976753ae3f30f37f98c0657992ef4be2281a10a66c91a22ad35451cfc4e54e1e31f41e9dcfc7b17cb9b3f6eae570745f5e1329f31e0ee1165800a9c750831a8dfe3d6b7a65d315ce0182dc0a92dcb88a2ec766bb0ba1886a1157c3e22dc97421aef3be7078230654229af95160cc70712713d57d790d1198c47b28223f8ccdf474d86444278c36473020989909c389529c46897bf2eeab7451b83756fd5e561329bdf751442f9b33f1adcbd04ac82f13d24444b8406e360b55104d3e99044e50fff2cf849c192a3ede29b7cb7da01bbb0b7f7719f6a04b8bbc0ba2e24af355ed9564ab534ad26087deb51543c4f312694c9ee3ff5fca48e4a28d4e65539e2faee71e8315f83089b6ed31a69a4bec8744b303e9294d3fc440b8ef2f8e2dff3e2b936b2c5400b65319eaa51a9a51d1ce01d603629e7ecb5572bc449275885ca630df34b4c369168d9b95c6e37d783d6d1a7c2fd6cbffb50863d74d50d430fb651136b7fbd6a3b81911c70591e72961ef318a9fe955c3cbdde6e6f6f6e6fb77dcbc7ea74da7f097a16e20b70bbe13291d99059e00864ae6891a7396b082389797324d1bf6eff182e866eb3bd7678b4c6acaf88b29d0791f0de7807c09db15a0a3279174443bf8a093b4c54db4593db4d0fa4d1c2d0d6988fd403f98848e5dd30742ef3d27a2d2491106d82be7b131adf5e17f98245f48993687905c348591844b68e46ea81fc0a1112c36c53da5b674d2b0411b6c1040d2d3d28c8193f4959544cda895abed502ec705156d5bcacc681bb7f6c144899846966ace9407e056212d03ef7223f60322a082e3955bd433f450287c5c7bbdee8d37192613f1702b801a8a1775ad91e7e0c2f91664a504cf1418131cf91dda66433c35586dae87d8fc03885fb7e02b30aa2abbc32909e90a2003e1612c680435f7f55270253926de9b3ab1ff8cbcdbbb3702de4680db18f4082ad6e24e98cd60a24b8019be309cc3501b550d8a48c1123c2bc4359333d78ea5316d6cec1e88c940c84c86cb31d5604c48268032116aa813cc87054948cb31298400bb1165ac4cd1697551d4ee39f8e053791caaeed702d9d17c86446a114232a58cb182f59416b12152e4d7a41d4d1e6f77a5e2e2fabbb06ff91e02a480088f0a59132cdac6f80d834e2a1fb989551292bca4a9992be21cd72fb4b8d4fb69b3e5c50374e67ff3ed0004322ec4a08d3646b8d134105845750ca669cb5252f0a2c90170a5d5c95e566b375a6f9b8f5f3c5a71ad871635430e84d628926400ab4a1e1948fe039450dc0a5aca1bd9293cd7951fcd479f037f5076af8d270778904d5051293477a9180db895b2505a30491206d4894072c67827a47ecf56b54764ea3bb1681179ffe7f3fc3efee02ed02ef1271075b13196bcc484421de320d7a51d4e01c10f5972aebcfd257ff9592cfaad3bdbf5a9dbeb43d87e86a8501ae3650e4486a8208e3820250c928a4352430c7942e5b9165083f7d931016cd4367ce2870f72077a11817099671cb142148c9056361c55fe428c7282d39e684668eb80cf9cd229f42329455394e74416319943f30b5129139211367511a564d71c211ce013e66296f906a15b2f13b27d8337650d7b3a81a27ba894041cf9484d9251b89321d888d815880b9c92788519a3220632388c956302aca688f291f29ba1429986620be12ea04a548134b048830169c45b9a261bb2d6fa93204e82e9d625ad6256472598d940cf0b821be528ba800b8607525091dc70c23008c79e8e4cc0d86821efe1eb18a1713c729e3e3c09dc3545346408ce5dd393529842b34c509c2c484c57f71180eb2353293149168f6aac9ba9b35ffd4c38b9f0777efb406c5056410615032802c042832fc4254c4e214619ca6392a9024470d4d44497edef643b8026cfec572f7c583a02f0f5eec872ef8bb36638688a43af4956ad334d3366c0542264c537807a7c71adea7472b3c45e46f375bef575558f4bf67b83b0fdeafe0ed44a7f39a850826605d180256d0c0571ac7c62150601037093e972c588c013713530da5313a6a8030c4cf57bd6b30fbd8cf7d5f701f3d9895e1ee285e44532170b035ca18a7c2b3877ac76823097340654a37049e36ce1a04f901de0c27463aa72df89e58defa5e92b08dbd77bfd19da384803910606d0323596bacf3ceeb606f0de0b66b23324da010362a8d750c7256405a8355d7207a80d75e126c9e5e8117a60c7f5c82bc27b835550e22aa8dd261e9195efefdcb2978f8508d61a254f6db89f14babb1947e012e0ce48d09ec52e034a88aa0d8682ecea9a0bb9326dc887f8f70771365ef704ae520096c40db75be87470bc51960852f0bb2f8b54de38d93248d33cd8358b090af58a68d51d6af62e5ce4a50101d8156dce329ec47345c0c115215be4995015c6befee2d5f6ba05d141c2ef198aac1f6d6b5c153fed9def53cb76d9c5129a935d3c985aeebfc018ba5a1a30720259f1750174a2f1e51647f9c5c3b527d8636b3607b6310ef82be394a895dddd2cc98006f9d1e6cf29febfb2827a78e9d34a5d8ce0807921842a3870fdfbeefbd0fbba0162a8e4fd9200a22664b6d4d652fc330fd02d49cc3cdf7871b343ff71154ea3322c0462250462baba90bdd18a335580cea463a951e459fcd99b6d89749af12c1698e1211c525d7c6383713a914b22c158fc28dc27d8acbaf0a43e950a8f54d135318c4d7d516e7408d1b694c352b9451dc50935719d61b2bb16f93fe691c274caac2d7b5609994894aa32ad9e81af79e2e81b1a0116634c25cac37ca86ca482a02c07bc1b2aab665cf6673cda020a0cc84cc2efacf0336835e1b3b6b2fa8ee45051b0667830d46f7d3109c803c306b423094b7f48e64f06da9951061a6a5b6e5b89ece41bfcec05d289bc641c2d3a34749d400a66bdba6848ca41b5949424f97df18dcfb12402d49441a6c16b881151b865a53d50aa12d211b7a599eeecfa41099c5c09305ac7b37dcc77b689518377e55cf48082509bb180e830d2ec9bf0f88728c3ca5745074c7cfd408ad732dc61a75ef0a95d9aa94af585a8f67c745438ff081c74ca16c42943b5d593bf5ad9f31062bf7056327301b9b8beebdc2acb380daf9ebf42dae63eb8096b8986ad9b8ae5d6d5e89b10e959b5d7001cdce85268bacb49dbaaa6997f34bd26c314be3de301e6daccfd0d9b744b446adeb1a612d6a4b99db7857c3ace76938d68877e16aff5aaad4d613c08266e73241994059695ddd2c57cd3f11ee4485500dc1d90699e13931176541aa54b1befd5b217b91bace19ab210388ce822c9db63e4f752e7d5d72455d5f7e89e84a396e5cddae56ed774c844225d941140f471b855bd0b3ba2813f0c95e0b06e73dddf883b5cc0c8b70e927c7336e82d06aef2f613052ce1e35b940d9ab1aeffd6ad9be45f28610c570c9c30d369d7eedc09ac53a0ba898412b60f394bcce521506f3239217b802c1f14c14a64278e12902366d278287b2baf22b0477319ff5444a9350e3eee0f1e6a2fb2b14008c6ec2bb66b08a1e3a87e0364d535e2b3211c4837e905a7b022964b5f3aa1041d46bdb123ea8681784b66ddd6b0e37c4bf64f1c16883c9f069863022c063207e87770d174436b6137a6e574833c862188a6e982adbb87696d18c3c67cb9485166057b56b1b3f8fb93019c65b7793c9d0f9784cc3aaa1172046ac517ef1ff291f8ce002123c0673c5acfb6802cf66a6cd1426c7c8ba56b9e0c7d5aa6d0cf450e3cca12d6b4953a2fe43cdf02385e69dcce35a92c8a57c5de375eba1561803ad8bd21ac0eb44bd480412e16d5f36731c8bea57cdc67e8e0c47a0fdac98c85c186aa9f5376cdc3ba763df362d9586a6aed7a30ca90bbc5a0be87336ec263d48db13061b676c7bd5d638b34b9c9caf7d0d5924b3dacdc77ea2135324290b36ded2eb0cb36b327897b7be816a696a8be8b23ee74a413c206e91b465054143d9d2d495f528de32a71f27abdaab95d0e94480a4a3f806ba38777a554b5b4370af3f010df59dc953c027c4691ca554f4fc5bef2a37ff4b4b37d9f125bc28d0fff56daeb20be8861e0b6e00eeeeddce80db35521238c80e08f43a472ee44114807af3a80f7703f2b85a3653dfd8ca1b2266f87b68f9ca1dbb09eaf80c7582f7afb361d35d1c7a8dc27590910cd06456318991cec32c0990167110d1aca7c5b25db5303c734d0fbc26334abc32aff28c7ac13cecc6d7d970133d32e4f15eaff2efa25ca9208a191c04d78ae5713fce50d6e89725ac6fead252c70f82a7a8a638839a1fe74a58a8b6285e77786faea5b7f38c17153d553567f1baf3016f7e11a5fd28d4e665bb0029e33ba3c7e005501b1dea17861de7a9bd3410c4f1b07fc31dc8cef959242b07b842062c9b8183a3b4dbd3c65d2d976b96b35642489024d280bb58ccf9b1d2954a518bd38446db8d364c3b9dbb77f70e0dddb04ea2d352431e9e747fe76bb7584b8406e53a87ec5532d5288b8b76f5ed093f9e1a0c499af3d01f6e631e5907032c4a07519aa741c083e1e76eeeafd6926656143a2d53287b5757b55f2c57ff38948583794e7838616cf8641b53364311c522964a4cf2f834387b0a7fdc92a859b535fc8791649dc16314f2d73d9557baaae1e3f27e8c427cf370774f452412f2c1113f18f4cf7fbf58820316488625c61ad482b626b30db86fd5bef95ca4a6b28a172903456f03eece2fd449d017bd409cc0910f1f9e5ab356307be7c3083a8340bb39559515fc4410eed79584d409f32e64d9562673f39877b90e2e46ac7f7e74fefd137a7677e9c3cef9901753bf7ab7bd4a43cd72a3b354e4a3c14f87fbdf58f3f351c01ff0b4ffcd8b9383d10fcb63befff6dd5fec3dd9d91bc86a2664c9609e0bcdbac9b3d1ce369628dd61bd6e128dfef6e2f4c179efdf23e85c07ea23c3549a84b9eea9e0f4db67074fb6b2a2aa37fe2a601f7f3db9377a72fca7f71e5c1081e5832614f2f957678f77b702f76936193cfee5d7fe49e73c79ffc187fbaf22fee5277f0ff9d11f0f060fb70377efd0f5a3979376f160f0f0030da1cfe6aa3b6a9f697e303b3f186d07eece5e88b1bf5cadde1ced7ee0e07b55fbdd6f5ffc998dfef0e244fe665bab01779f4918c90b22b1f71f7c778ffbd5215cc81b260e76b705f7078afcf0c110cb6731ad00dbe25acb9fb4dbb9fba3cfed7f01eecfd8bd857b0bf716eecdedfe3cbd7b83bbb7706fe1dec2bd85fb7f0ff75f0a1d2f3321e94f990000000049454e44ae426082);

--
-- Triggery `Uzivatele`
--
DELIMITER $$
CREATE TRIGGER `ZabranaDuplicityUzivatele` BEFORE INSERT ON `Uzivatele` FOR EACH ROW BEGIN
    DECLARE pocet INT;
    
    SELECT COUNT(*) INTO pocet
    FROM Uzivatele
    WHERE Jmeno = NEW.Jmeno AND Prijmeni = NEW.Prijmeni;
    
    IF pocet > 0 THEN
        SIGNAL SQLSTATE '45000' 
            SET MESSAGE_TEXT = 'Uživatel s tímto jménem a příjmením již existuje!';
    END IF;
END
$$
DELIMITER ;

-- --------------------------------------------------------

--
-- Zástupná struktura pro pohled `vypisuzivatelu`
-- (Vlastní pohled viz níže)
--
CREATE TABLE `vypisuzivatelu` (
`UzivatelID` int
,`Jmeno` varchar(50)
,`Prijmeni` varchar(50)
,`Obrazek` longblob
);

-- --------------------------------------------------------

--
-- Struktura pro pohled `jidlauzivatele`
--
DROP TABLE IF EXISTS `jidlauzivatele`;

CREATE ALGORITHM=UNDEFINED DEFINER=`root`@`localhost` SQL SECURITY DEFINER VIEW `jidlauzivatele`  AS SELECT `c`.`CelejidloID` AS `CelejidloID`, `h`.`Nazev` AS `hlavni`, `p`.`Nazev` AS `priloha`, `o`.`Nazev` AS `omacka`, `c`.`Obloha` AS `Obloha`, `t`.`SnidaneObedVecereSvacina` AS `typjidla`, `c`.`Casjidla` AS `Casjidla`, `c`.`UzivatelID` AS `UzivatelID` FROM ((((`celajidla` `c` left join `hlavnicastijidel` `h` on((`c`.`HlavnicastjidlaID` = `h`.`HlavnicastjidlaID`))) left join `prilohy` `p` on((`c`.`PrilohaID` = `p`.`PrilohaID`))) left join `omacky` `o` on((`c`.`OmackaID` = `o`.`OmackaID`))) left join `typyjidla` `t` on((`c`.`TypjidlaID` = `t`.`TypjidlaID`))) ;

-- --------------------------------------------------------

--
-- Struktura pro pohled `oblibenejidlapohled`
--
DROP TABLE IF EXISTS `oblibenejidlapohled`;

CREATE ALGORITHM=UNDEFINED DEFINER=`root`@`localhost` SQL SECURITY DEFINER VIEW `oblibenejidlapohled`  AS SELECT `o`.`OblibenejidloID` AS `OblibenejidloID`, `o`.`UzivatelID` AS `UzivatelID`, `c`.`CelejidloID` AS `CelejidloID`, `h`.`Nazev` AS `HlavniCastJidla`, `p`.`Nazev` AS `Priloha`, `om`.`Nazev` AS `Omacka`, `c`.`Obloha` AS `Obloha` FROM ((((`oblibenejidla` `o` join `celajidla` `c` on((`o`.`CelejidloID` = `c`.`CelejidloID`))) join `hlavnicastijidel` `h` on((`c`.`HlavnicastjidlaID` = `h`.`HlavnicastjidlaID`))) join `prilohy` `p` on((`c`.`PrilohaID` = `p`.`PrilohaID`))) join `omacky` `om` on((`c`.`OmackaID` = `om`.`OmackaID`))) ;

-- --------------------------------------------------------

--
-- Struktura pro pohled `pohled_jidla`
--
DROP TABLE IF EXISTS `pohled_jidla`;

CREATE ALGORITHM=UNDEFINED DEFINER=`root`@`localhost` SQL SECURITY DEFINER VIEW `pohled_jidla`  AS SELECT `c`.`CelejidloID` AS `CelejidloID`, `h`.`Nazev` AS `hlavni`, `p`.`Nazev` AS `priloha`, `o`.`Nazev` AS `omacka`, `c`.`Obloha` AS `Obloha`, `t`.`SnidaneObedVecereSvacina` AS `typjidla`, `c`.`Casjidla` AS `Casjidla` FROM ((((`celajidla` `c` left join `hlavnicastijidel` `h` on((`c`.`HlavnicastjidlaID` = `h`.`HlavnicastjidlaID`))) left join `prilohy` `p` on((`c`.`PrilohaID` = `p`.`PrilohaID`))) left join `omacky` `o` on((`c`.`OmackaID` = `o`.`OmackaID`))) left join `typyjidla` `t` on((`c`.`TypjidlaID` = `t`.`TypjidlaID`))) ;

-- --------------------------------------------------------

--
-- Struktura pro pohled `vypisuzivatelu`
--
DROP TABLE IF EXISTS `vypisuzivatelu`;

CREATE ALGORITHM=UNDEFINED DEFINER=`root`@`localhost` SQL SECURITY DEFINER VIEW `vypisuzivatelu`  AS SELECT `uzivatele`.`UzivatelID` AS `UzivatelID`, `uzivatele`.`Jmeno` AS `Jmeno`, `uzivatele`.`Prijmeni` AS `Prijmeni`, `uzivatele`.`Obrazek` AS `Obrazek` FROM `uzivatele` ;

--
-- Indexy pro exportované tabulky
--

--
-- Indexy pro tabulku `Celajidla`
--
ALTER TABLE `Celajidla`
  ADD PRIMARY KEY (`CelejidloID`),
  ADD KEY `HlavnicastjidlaID` (`HlavnicastjidlaID`),
  ADD KEY `UzivatelID` (`UzivatelID`),
  ADD KEY `OmackaID` (`OmackaID`),
  ADD KEY `PrilohaID` (`PrilohaID`),
  ADD KEY `KategorieID` (`KategorieID`),
  ADD KEY `TypjidlaID` (`TypjidlaID`);

--
-- Indexy pro tabulku `hlavnicastijidel`
--
ALTER TABLE `hlavnicastijidel`
  ADD PRIMARY KEY (`HlavnicastjidlaID`);

--
-- Indexy pro tabulku `Kategorie`
--
ALTER TABLE `Kategorie`
  ADD PRIMARY KEY (`KategorieID`);

--
-- Indexy pro tabulku `Oblibenejidla`
--
ALTER TABLE `Oblibenejidla`
  ADD PRIMARY KEY (`OblibenejidloID`),
  ADD KEY `CelejidloID` (`CelejidloID`),
  ADD KEY `UzivatelID` (`UzivatelID`);

--
-- Indexy pro tabulku `Omacky`
--
ALTER TABLE `Omacky`
  ADD PRIMARY KEY (`OmackaID`);

--
-- Indexy pro tabulku `Prilohy`
--
ALTER TABLE `Prilohy`
  ADD PRIMARY KEY (`PrilohaID`);

--
-- Indexy pro tabulku `Typyjidla`
--
ALTER TABLE `Typyjidla`
  ADD PRIMARY KEY (`TypjidlaID`);

--
-- Indexy pro tabulku `Uzivatele`
--
ALTER TABLE `Uzivatele`
  ADD PRIMARY KEY (`UzivatelID`);

--
-- AUTO_INCREMENT pro tabulky
--

--
-- AUTO_INCREMENT pro tabulku `Celajidla`
--
ALTER TABLE `Celajidla`
  MODIFY `CelejidloID` int NOT NULL AUTO_INCREMENT, AUTO_INCREMENT=91;

--
-- AUTO_INCREMENT pro tabulku `hlavnicastijidel`
--
ALTER TABLE `hlavnicastijidel`
  MODIFY `HlavnicastjidlaID` int NOT NULL AUTO_INCREMENT, AUTO_INCREMENT=16;

--
-- AUTO_INCREMENT pro tabulku `Kategorie`
--
ALTER TABLE `Kategorie`
  MODIFY `KategorieID` int NOT NULL AUTO_INCREMENT, AUTO_INCREMENT=4;

--
-- AUTO_INCREMENT pro tabulku `Oblibenejidla`
--
ALTER TABLE `Oblibenejidla`
  MODIFY `OblibenejidloID` int NOT NULL AUTO_INCREMENT, AUTO_INCREMENT=14;

--
-- AUTO_INCREMENT pro tabulku `Omacky`
--
ALTER TABLE `Omacky`
  MODIFY `OmackaID` int NOT NULL AUTO_INCREMENT, AUTO_INCREMENT=11;

--
-- AUTO_INCREMENT pro tabulku `Prilohy`
--
ALTER TABLE `Prilohy`
  MODIFY `PrilohaID` int NOT NULL AUTO_INCREMENT, AUTO_INCREMENT=12;

--
-- AUTO_INCREMENT pro tabulku `Typyjidla`
--
ALTER TABLE `Typyjidla`
  MODIFY `TypjidlaID` int NOT NULL AUTO_INCREMENT, AUTO_INCREMENT=5;

--
-- AUTO_INCREMENT pro tabulku `Uzivatele`
--
ALTER TABLE `Uzivatele`
  MODIFY `UzivatelID` int NOT NULL AUTO_INCREMENT, AUTO_INCREMENT=22;

--
-- Omezení pro exportované tabulky
--

--
-- Omezení pro tabulku `Celajidla`
--
ALTER TABLE `Celajidla`
  ADD CONSTRAINT `celajidla_ibfk_1` FOREIGN KEY (`HlavnicastjidlaID`) REFERENCES `Hlavnicastijidel` (`HlavnicastjidlaID`),
  ADD CONSTRAINT `celajidla_ibfk_2` FOREIGN KEY (`UzivatelID`) REFERENCES `Uzivatele` (`UzivatelID`),
  ADD CONSTRAINT `celajidla_ibfk_3` FOREIGN KEY (`OmackaID`) REFERENCES `Omacky` (`OmackaID`),
  ADD CONSTRAINT `celajidla_ibfk_4` FOREIGN KEY (`PrilohaID`) REFERENCES `Prilohy` (`PrilohaID`),
  ADD CONSTRAINT `celajidla_ibfk_5` FOREIGN KEY (`KategorieID`) REFERENCES `Kategorie` (`KategorieID`),
  ADD CONSTRAINT `celajidla_ibfk_6` FOREIGN KEY (`TypjidlaID`) REFERENCES `Typyjidla` (`TypjidlaID`);

--
-- Omezení pro tabulku `Oblibenejidla`
--
ALTER TABLE `Oblibenejidla`
  ADD CONSTRAINT `oblibenejidla_ibfk_1` FOREIGN KEY (`CelejidloID`) REFERENCES `Celajidla` (`CelejidloID`),
  ADD CONSTRAINT `oblibenejidla_ibfk_2` FOREIGN KEY (`UzivatelID`) REFERENCES `Uzivatele` (`UzivatelID`);
COMMIT;

/*!40101 SET CHARACTER_SET_CLIENT=@OLD_CHARACTER_SET_CLIENT */;
/*!40101 SET CHARACTER_SET_RESULTS=@OLD_CHARACTER_SET_RESULTS */;
/*!40101 SET COLLATION_CONNECTION=@OLD_COLLATION_CONNECTION */;
